{
  "2": {
    "inputs": {
      "ckpt_name": "colorfulxl_v73.safetensors"
    },
    "class_type": "CheckpointLoaderSimple",
    "_meta": {
      "title": "Load Checkpoint"
    }
  },
  "13": {
    "inputs": {
      "vae_name": "sdxl_vae.safetensors"
    },
    "class_type": "VAELoader",
    "_meta": {
      "title": "Load VAE"
    }
  },
  "242": {
    "inputs": {
      "text": "",
      "clip": [
        "2",
        1
      ]
    },
    "class_type": "CLIPTextEncode",
    "_meta": {
      "title": "CLIP Text Encode (Prompt)"
    }
  },
  "243": {
    "inputs": {
      "text": [
        "309",
        0
      ],
      "clip": [
        "2",
        1
      ]
    },
    "class_type": "CLIPTextEncode",
    "_meta": {
      "title": "CLIP Text Encode (Prompt)"
    }
  },
  "244": {
    "inputs": {
      "width": [
        "318",
        1
      ],
      "height": [
        "318",
        2
      ],
      "batch_size": [
        "317",
        0
      ]
    },
    "class_type": "EmptyLatentImage",
    "_meta": {
      "title": "Empty Latent Image"
    }
  },
  "268": {
    "inputs": {
      "add_noise": true,
      "noise_seed": 1,
      "cfg": [
        "308",
        0
      ],
      "model": [
        "2",
        0
      ],
      "positive": [
        "243",
        0
      ],
      "negative": [
        "242",
        0
      ],
      "sampler": [
        "273",
        0
      ],
      "sigmas": [
        "270",
        0
      ],
      "latent_image": [
        "244",
        0
      ]
    },
    "class_type": "SamplerCustom",
    "_meta": {
      "title": "SamplerCustom"
    }
  },
  "270": {
    "inputs": {
      "model_type": "SDXL",
      "steps": [
        "315",
        0
      ],
      "denoise": 1
    },
    "class_type": "AlignYourStepsScheduler",
    "_meta": {
      "title": "AlignYourStepsScheduler"
    }
  },
  "273": {
    "inputs": {
      "sampler_name": "euler_ancestral"
    },
    "class_type": "KSamplerSelect",
    "_meta": {
      "title": "KSamplerSelect"
    }
  },
  "275": {
    "inputs": {
      "samples": [
        "316",
        0
      ],
      "vae": [
        "13",
        0
      ]
    },
    "class_type": "VAEDecode",
    "_meta": {
      "title": "VAE Decode"
    }
  },
  "297": {
    "inputs": {
      "samples": [
        "268",
        0
      ],
      "vae": [
        "13",
        0
      ]
    },
    "class_type": "VAEDecode",
    "_meta": {
      "title": "VAE Decode"
    }
  },
  "307": {
    "inputs": {
      "state": false,
      "display_name": "Fast Run",
      "optional": true,
      "advanced": true,
      "order": 1,
      "custom_id": "fast_run",
      "hidden": false,
      "input_off_state": [
        "275",
        0
      ],
      "input_on_state": [
        "297",
        0
      ]
    },
    "class_type": "VixUiCheckboxLogic",
    "_meta": {
      "title": "VixUI-CheckboxLogic"
    }
  },
  "308": {
    "inputs": {
      "value": 1,
      "display_name": "Vibrancy",
      "optional": true,
      "advanced": true,
      "min": 1,
      "max": 4.5,
      "step": 0.1,
      "order": 10,
      "custom_id": "vibrancy",
      "hidden": false
    },
    "class_type": "VixUiRangeFloat",
    "_meta": {
      "title": "VixUI-RangeFloat"
    }
  },
  "309": {
    "inputs": {
      "text": "",
      "display_name": "Prompt",
      "optional": false,
      "advanced": false,
      "order": 1,
      "custom_id": "prompt",
      "hidden": false,
      "translatable": true
    },
    "class_type": "VixUiPrompt",
    "_meta": {
      "title": "VixUI-Prompt"
    }
  },
  "311": {
    "inputs": {
      "name": "colorful_xl",
      "display_name": "Colorful XL",
      "description": "Colorful XL model (NSFW)",
      "author": "bigcat88",
      "homepage": "https://github.com/bigcat88",
      "documentation": "https://visionatrix.github.io/VixFlowsDocs/Flows/Colorful_XL/",
      "license": "",
      "tags": "[\"general\", \"simple\"]",
      "version": "2.1.4",
      "requires": "[]",
      "is_seed_supported": true,
      "is_count_supported": true,
      "is_translations_supported": true,
      "is_macos_supported": true,
      "required_memory_gb": 6,
      "hidden": false
    },
    "class_type": "VixUiWorkflowMetadata",
    "_meta": {
      "title": "VixUI-WorkflowMetadata"
    }
  },
  "312": {
    "inputs": {
      "filename_prefix": "12",
      "images": [
        "307",
        0
      ]
    },
    "class_type": "SaveImage",
    "_meta": {
      "title": "Save Image"
    }
  },
  "314": {
    "inputs": {
      "value": 45,
      "display_name": "Steps number to generate",
      "optional": true,
      "advanced": true,
      "min": 30,
      "max": 60,
      "step": 1,
      "order": 98,
      "custom_id": "steps_count",
      "hidden": false
    },
    "class_type": "VixUiRangeInt",
    "_meta": {
      "title": "VixUI-RangeInt"
    }
  },
  "315": {
    "inputs": {
      "python_expression": "a//3",
      "print_to_console": "False",
      "a": [
        "314",
        0
      ],
      "b": 0,
      "c": 0
    },
    "class_type": "Evaluate Integers",
    "_meta": {
      "title": "Evaluate Integers"
    }
  },
  "316": {
    "inputs": {
      "add_noise": "enable",
      "noise_seed": 1,
      "steps": [
        "314",
        0
      ],
      "cfg": [
        "308",
        0
      ],
      "sampler_name": "euler_ancestral",
      "scheduler": "normal",
      "start_at_step": 0,
      "end_at_step": 10000,
      "return_with_leftover_noise": "disable",
      "model": [
        "2",
        0
      ],
      "positive": [
        "243",
        0
      ],
      "negative": [
        "242",
        0
      ],
      "latent_image": [
        "244",
        0
      ]
    },
    "class_type": "KSamplerAdvanced",
    "_meta": {
      "title": "KSampler (Advanced)"
    }
  },
  "317": {
    "inputs": {
      "value": 1,
      "display_name": "Batch size",
      "optional": true,
      "advanced": true,
      "min": 1,
      "max": 10,
      "step": 1,
      "order": 99,
      "custom_id": "batch_size",
      "hidden": true
    },
    "class_type": "VixUiRangeInt",
    "_meta": {
      "title": "VixUI-RangeInt"
    }
  },
  "318": {
    "inputs": {
      "aspect_ratio": "1:1 (1024x1024)",
      "display_name": "Aspect Ratio",
      "optional": true,
      "advanced": true,
      "order": 20,
      "custom_id": "aspect_ratio",
      "hidden": false
    },
    "class_type": "VixUiAspectRatioSelector",
    "_meta": {
      "title": "VixUI-Aspect Ratio"
    }
  }
}
