{
  "5": {
    "inputs": {
      "width": [
        "27",
        1
      ],
      "height": [
        "27",
        2
      ],
      "batch_size": [
        "32",
        0
      ]
    },
    "class_type": "EmptyLatentImage",
    "_meta": {
      "title": "Empty Latent Image"
    }
  },
  "6": {
    "inputs": {
      "text": [
        "26",
        0
      ],
      "clip": [
        "29",
        1
      ]
    },
    "class_type": "CLIPTextEncode",
    "_meta": {
      "title": "CLIP Text Encode (Prompt)"
    }
  },
  "8": {
    "inputs": {
      "samples": [
        "13",
        0
      ],
      "vae": [
        "10",
        0
      ]
    },
    "class_type": "VAEDecode",
    "_meta": {
      "title": "VAE Decode"
    }
  },
  "9": {
    "inputs": {
      "filename_prefix": "ComfyUI",
      "images": [
        "8",
        0
      ]
    },
    "class_type": "SaveImage",
    "_meta": {
      "title": "Save Image"
    }
  },
  "10": {
    "inputs": {
      "vae_name": "ae.safetensors"
    },
    "class_type": "VAELoader",
    "_meta": {
      "title": "Load VAE"
    }
  },
  "11": {
    "inputs": {
      "clip_name1": "t5xxl_fp8_e4m3fn.safetensors",
      "clip_name2": "clip_l.safetensors",
      "type": "flux"
    },
    "class_type": "DualCLIPLoader",
    "_meta": {
      "title": "DualCLIPLoader"
    }
  },
  "12": {
    "inputs": {
      "unet_name": "flux1-schnell-fp8.safetensors",
      "weight_dtype": "fp8_e4m3fn"
    },
    "class_type": "UNETLoader",
    "_meta": {
      "title": "Load Diffusion Model"
    }
  },
  "13": {
    "inputs": {
      "noise": [
        "25",
        0
      ],
      "guider": [
        "22",
        0
      ],
      "sampler": [
        "16",
        0
      ],
      "sigmas": [
        "17",
        0
      ],
      "latent_image": [
        "5",
        0
      ]
    },
    "class_type": "SamplerCustomAdvanced",
    "_meta": {
      "title": "SamplerCustomAdvanced"
    }
  },
  "16": {
    "inputs": {
      "sampler_name": "euler"
    },
    "class_type": "KSamplerSelect",
    "_meta": {
      "title": "KSamplerSelect"
    }
  },
  "17": {
    "inputs": {
      "scheduler": "simple",
      "steps": 4,
      "denoise": 1,
      "model": [
        "29",
        0
      ]
    },
    "class_type": "BasicScheduler",
    "_meta": {
      "title": "BasicScheduler"
    }
  },
  "22": {
    "inputs": {
      "model": [
        "29",
        0
      ],
      "conditioning": [
        "6",
        0
      ]
    },
    "class_type": "BasicGuider",
    "_meta": {
      "title": "BasicGuider"
    }
  },
  "25": {
    "inputs": {
      "noise_seed": 907105043668787
    },
    "class_type": "RandomNoise",
    "_meta": {
      "title": "RandomNoise"
    }
  },
  "26": {
    "inputs": {
      "text": "",
      "display_name": "Prompt",
      "optional": false,
      "advanced": false,
      "order": 1,
      "custom_id": "prompt",
      "hidden": false,
      "translatable": true
    },
    "class_type": "VixUiPrompt",
    "_meta": {
      "title": "VixUI-Prompt"
    }
  },
  "27": {
    "inputs": {
      "aspect_ratio": "1:1"
    },
    "class_type": "SDXLAspectRatioSelector",
    "_meta": {
      "title": "input;Aspect Ratio;optional;advanced;order=2;custom_id=aspect_ratio"
    }
  },
  "28": {
    "inputs": {
      "name": "flux1_schnell_8bit",
      "display_name": "Flux Lighting (Small)",
      "description": "Excellent model that perfectly generates not only the objects, but also the text",
      "author": "ComfyOrg",
      "homepage": "https://comfyanonymous.github.io/ComfyUI_examples/flux/#simple-to-use-fp8-checkpoint-version",
      "documentation": "https://huggingface.co/black-forest-labs/FLUX.1-dev",
      "license": "",
      "tags": "[\"general\", \"lighting\", \"simple\"]",
      "version": "1.0.4",
      "requires": "[]",
      "is_seed_supported": true,
      "is_count_supported": true,
      "is_translations_supported": true
    },
    "class_type": "VixUiWorkflowMetadata",
    "_meta": {
      "title": "VixUI-WorkflowMetadata"
    }
  },
  "29": {
    "inputs": {
      "lora_name": "flux_realism_lora.safetensors",
      "strength_model": [
        "30",
        0
      ],
      "strength_clip": 1,
      "model": [
        "12",
        0
      ],
      "clip": [
        "11",
        0
      ]
    },
    "class_type": "LoraLoader",
    "_meta": {
      "title": "Load LoRA"
    }
  },
  "30": {
    "inputs": {
      "value": 0,
      "display_name": "Realism LoRa strength",
      "optional": true,
      "advanced": true,
      "min": 0,
      "max": 1,
      "step": 0.1,
      "order": 92,
      "custom_id": "realism_lora_strength",
      "hidden": false
    },
    "class_type": "VixUiRangeFloat",
    "_meta": {
      "title": "VixUI-RangeFloat"
    }
  },
  "32": {
    "inputs": {
      "value": 1,
      "display_name": "Batch size",
      "optional": true,
      "advanced": true,
      "min": 1,
      "max": 10,
      "step": 1,
      "order": 99,
      "custom_id": "batch_size",
      "hidden": true
    },
    "class_type": "VixUiRangeInt",
    "_meta": {
      "title": "VixUI-RangeInt"
    }
  }
}
