{
  "2": {
    "inputs": {
      "ckpt_name": "mobius-fp16.safetensors"
    },
    "class_type": "CheckpointLoaderSimple",
    "_meta": {
      "title": "Load Checkpoint"
    }
  },
  "27": {
    "inputs": {
      "seed": 1,
      "steps": [
        "299",
        0
      ],
      "cfg": [
        "297",
        0
      ],
      "sampler_name": "dpmpp_3m_sde",
      "scheduler": "karras",
      "denoise": 1,
      "model": [
        "2",
        0
      ],
      "positive": [
        "295",
        0
      ],
      "negative": [
        "294",
        0
      ],
      "latent_image": [
        "244",
        0
      ]
    },
    "class_type": "KSampler",
    "_meta": {
      "title": "KSampler"
    }
  },
  "116": {
    "inputs": {
      "samples": [
        "27",
        0
      ],
      "vae": [
        "278",
        0
      ]
    },
    "class_type": "VAEDecode",
    "_meta": {
      "title": "VAE Decode"
    }
  },
  "244": {
    "inputs": {
      "width": 1024,
      "height": 1024,
      "batch_size": [
        "298",
        0
      ]
    },
    "class_type": "EmptyLatentImage",
    "_meta": {
      "title": "Empty Latent Image"
    }
  },
  "267": {
    "inputs": {
      "filename_prefix": "base",
      "images": [
        "296",
        0
      ]
    },
    "class_type": "SaveImage",
    "_meta": {
      "title": "Save Image"
    }
  },
  "268": {
    "inputs": {
      "add_noise": true,
      "noise_seed": 1,
      "cfg": [
        "297",
        0
      ],
      "model": [
        "2",
        0
      ],
      "positive": [
        "295",
        0
      ],
      "negative": [
        "294",
        0
      ],
      "sampler": [
        "273",
        0
      ],
      "sigmas": [
        "270",
        0
      ],
      "latent_image": [
        "244",
        0
      ]
    },
    "class_type": "SamplerCustom",
    "_meta": {
      "title": "SamplerCustom"
    }
  },
  "270": {
    "inputs": {
      "model_type": "SDXL",
      "steps": 20,
      "denoise": 1
    },
    "class_type": "AlignYourStepsScheduler",
    "_meta": {
      "title": "AlignYourStepsScheduler"
    }
  },
  "273": {
    "inputs": {
      "sampler_name": "dpmpp_2m_sde"
    },
    "class_type": "KSamplerSelect",
    "_meta": {
      "title": "KSamplerSelect"
    }
  },
  "275": {
    "inputs": {
      "samples": [
        "268",
        0
      ],
      "vae": [
        "278",
        0
      ]
    },
    "class_type": "VAEDecode",
    "_meta": {
      "title": "VAE Decode"
    }
  },
  "278": {
    "inputs": {
      "vae_name": "sdxl_vae.safetensors"
    },
    "class_type": "VAELoader",
    "_meta": {
      "title": "Load VAE"
    }
  },
  "290": {
    "inputs": {
      "stop_at_clip_layer": -3,
      "clip": [
        "2",
        1
      ]
    },
    "class_type": "CLIPSetLastLayer",
    "_meta": {
      "title": "CLIP Set Last Layer"
    }
  },
  "291": {
    "inputs": {
      "name": "mobius_xl",
      "display_name": "Mobius XL",
      "description": "Mobius XL model",
      "author": "bigcat88",
      "homepage": "https://github.com/bigcat88",
      "documentation": "https://visionatrix.github.io/VixFlowsDocs/Flows/Mobius_XL/",
      "license": "",
      "tags": "[\"general\", \"simple\"]",
      "version": "1.0.2",
      "requires": "[]",
      "is_seed_supported": true,
      "is_count_supported": true,
      "is_translations_supported": true
    },
    "class_type": "VixUiWorkflowMetadata",
    "_meta": {
      "title": "VixUI-WorkflowMetadata"
    }
  },
  "292": {
    "inputs": {
      "text": "",
      "display_name": "Prompt",
      "optional": false,
      "advanced": false,
      "order": 1,
      "custom_id": "prompt",
      "hidden": false,
      "translatable": true
    },
    "class_type": "VixUiPrompt",
    "_meta": {
      "title": "VixUI-Prompt"
    }
  },
  "293": {
    "inputs": {
      "text": "",
      "display_name": "Negative Prompt",
      "optional": true,
      "advanced": true,
      "order": 15,
      "custom_id": "negative_prompt",
      "hidden": false,
      "translatable": true
    },
    "class_type": "VixUiPrompt",
    "_meta": {
      "title": "VixUI-Prompt"
    }
  },
  "294": {
    "inputs": {
      "text": [
        "293",
        0
      ],
      "clip": [
        "290",
        0
      ]
    },
    "class_type": "CLIPTextEncode",
    "_meta": {
      "title": "CLIP Text Encode (Negative Prompt)"
    }
  },
  "295": {
    "inputs": {
      "text": [
        "292",
        0
      ],
      "clip": [
        "290",
        0
      ]
    },
    "class_type": "CLIPTextEncode",
    "_meta": {
      "title": "CLIP Text Encode (Positive Prompt)"
    }
  },
  "296": {
    "inputs": {
      "state": false,
      "display_name": "Fast run",
      "optional": true,
      "advanced": true,
      "order": 98,
      "custom_id": "fast_run",
      "hidden": false,
      "input_off_state": [
        "116",
        0
      ],
      "input_on_state": [
        "275",
        0
      ]
    },
    "class_type": "VixUiCheckboxLogic",
    "_meta": {
      "title": "VixUI-CheckboxLogic"
    }
  },
  "297": {
    "inputs": {
      "value": 5,
      "display_name": "Prompt strength",
      "optional": true,
      "advanced": true,
      "min": 3.5,
      "max": 7,
      "step": 0.1,
      "order": 98,
      "custom_id": "prompt_strength",
      "hidden": false
    },
    "class_type": "VixUiRangeFloat",
    "_meta": {
      "title": "VixUI-RangeFloat"
    }
  },
  "298": {
    "inputs": {
      "value": 1,
      "display_name": "Batch size",
      "optional": true,
      "advanced": true,
      "min": 1,
      "max": 10,
      "step": 1,
      "order": 99,
      "custom_id": "batch_size",
      "hidden": true
    },
    "class_type": "VixUiRangeInt",
    "_meta": {
      "title": "VixUI-RangeInt"
    }
  },
  "299": {
    "inputs": {
      "value": 50,
      "display_name": "Steps number to generate",
      "optional": true,
      "advanced": true,
      "min": 20,
      "max": 60,
      "step": 1,
      "order": 97,
      "custom_id": "steps_count",
      "hidden": false
    },
    "class_type": "VixUiRangeInt",
    "_meta": {
      "title": "VixUI-RangeInt"
    }
  }
}
