{
  "2": {
    "inputs": {
      "ckpt_name": "juggernautXL_v8Rundiffusion.safetensors"
    },
    "class_type": "CheckpointLoaderSimple",
    "_meta": {
      "title": "Load Checkpoint"
    }
  },
  "3": {
    "inputs": {
      "lora_name": "sdxl_lightning_8step_lora.safetensors",
      "strength_model": 0.5,
      "model": [
        "254",
        0
      ]
    },
    "class_type": "LoraLoaderModelOnly",
    "_meta": {
      "title": "LoraLoaderModelOnly"
    }
  },
  "7": {
    "inputs": {
      "lora_name": "sdxl_lightning_8step_lora.safetensors",
      "strength_model": 0.5,
      "strength_clip": 1,
      "model": [
        "3",
        0
      ],
      "clip": [
        "254",
        1
      ]
    },
    "class_type": "LoraLoader",
    "_meta": {
      "title": "Load LoRA"
    }
  },
  "13": {
    "inputs": {
      "vae_name": "sdxl_vae.safetensors"
    },
    "class_type": "VAELoader",
    "_meta": {
      "title": "Load VAE"
    }
  },
  "27": {
    "inputs": {
      "seed": 408511007742928,
      "steps": 8,
      "cfg": 1,
      "sampler_name": "dpmpp_sde",
      "scheduler": "sgm_uniform",
      "denoise": 1,
      "model": [
        "7",
        0
      ],
      "positive": [
        "243",
        0
      ],
      "negative": [
        "242",
        0
      ],
      "latent_image": [
        "244",
        0
      ]
    },
    "class_type": "KSampler",
    "_meta": {
      "title": "KSampler"
    }
  },
  "116": {
    "inputs": {
      "samples": [
        "27",
        0
      ],
      "vae": [
        "13",
        0
      ]
    },
    "class_type": "VAEDecode",
    "_meta": {
      "title": "VAE Decode"
    }
  },
  "242": {
    "inputs": {
      "text": [
        "269",
        0
      ],
      "clip": [
        "7",
        1
      ]
    },
    "class_type": "CLIPTextEncode",
    "_meta": {
      "title": "CLIP Text Encode (Prompt)"
    }
  },
  "243": {
    "inputs": {
      "text": [
        "268",
        0
      ],
      "clip": [
        "7",
        1
      ]
    },
    "class_type": "CLIPTextEncode",
    "_meta": {
      "title": "CLIP Text Encode (Prompt)"
    }
  },
  "244": {
    "inputs": {
      "width": [
        "272",
        1
      ],
      "height": [
        "272",
        2
      ],
      "batch_size": [
        "271",
        0
      ]
    },
    "class_type": "EmptyLatentImage",
    "_meta": {
      "title": "Empty Latent Image"
    }
  },
  "254": {
    "inputs": {
      "lora_name": "add-detail-xl.safetensors",
      "strength_model": 0.5,
      "strength_clip": 1,
      "model": [
        "2",
        0
      ],
      "clip": [
        "2",
        1
      ]
    },
    "class_type": "LoraLoader",
    "_meta": {
      "title": "Load LoRA"
    }
  },
  "259": {
    "inputs": {
      "model_name": "4x-UltraSharp.pth"
    },
    "class_type": "UpscaleModelLoader",
    "_meta": {
      "title": "Load Upscale Model"
    }
  },
  "260": {
    "inputs": {
      "upscale_model": [
        "259",
        0
      ],
      "image": [
        "116",
        0
      ]
    },
    "class_type": "ImageUpscaleWithModel",
    "_meta": {
      "title": "Upscale Image (using Model)"
    }
  },
  "261": {
    "inputs": {
      "upscale_method": "bicubic",
      "scale_by": 0.25,
      "image": [
        "260",
        0
      ]
    },
    "class_type": "ImageScaleBy",
    "_meta": {
      "title": "Upscale Image By"
    }
  },
  "262": {
    "inputs": {
      "pixels": [
        "261",
        0
      ],
      "vae": [
        "13",
        0
      ]
    },
    "class_type": "VAEEncode",
    "_meta": {
      "title": "VAE Encode"
    }
  },
  "263": {
    "inputs": {
      "seed": 646745642644354,
      "steps": 10,
      "cfg": 5,
      "sampler_name": "dpmpp_2m",
      "scheduler": "exponential",
      "denoise": 0.3,
      "model": [
        "254",
        0
      ],
      "positive": [
        "243",
        0
      ],
      "negative": [
        "242",
        0
      ],
      "latent_image": [
        "262",
        0
      ]
    },
    "class_type": "KSampler",
    "_meta": {
      "title": "KSampler"
    }
  },
  "264": {
    "inputs": {
      "samples": [
        "263",
        0
      ],
      "vae": [
        "13",
        0
      ]
    },
    "class_type": "VAEDecode",
    "_meta": {
      "title": "VAE Decode"
    }
  },
  "266": {
    "inputs": {
      "filename_prefix": "ComfyUI",
      "images": [
        "264",
        0
      ]
    },
    "class_type": "SaveImage",
    "_meta": {
      "title": "Save Image"
    }
  },
  "267": {
    "inputs": {
      "name": "juggernaut_lite",
      "display_name": "Juggernaut Lite",
      "description": "Juggernaut + LoRAs with post processing",
      "author": "Valomar",
      "homepage": "https://comfyworkflows.com/profile/86edf4d7-d110-498d-b4e0-4cacadee750e",
      "documentation": "https://visionatrix.github.io/VixFlowsDocs/Flows/Juggernaut_Lite/",
      "license": "",
      "tags": "[\"general\", \"simple\"]",
      "version": "1.0.3",
      "requires": "[]",
      "is_seed_supported": true,
      "is_count_supported": true,
      "is_translations_supported": true,
      "is_macos_supported": true,
      "required_memory_gb": 8,
      "hidden": false
    },
    "class_type": "VixUiWorkflowMetadata",
    "_meta": {
      "title": "VixUI-WorkflowMetadata"
    }
  },
  "268": {
    "inputs": {
      "text": "",
      "display_name": "Prompt",
      "optional": false,
      "advanced": false,
      "order": 1,
      "custom_id": "prompt",
      "hidden": false,
      "translatable": true
    },
    "class_type": "VixUiPrompt",
    "_meta": {
      "title": "VixUI-Prompt"
    }
  },
  "269": {
    "inputs": {
      "text": "asian, child, penis, embedding:ng_deepnegative_v1_75t, embedding:negative_hand-neg,  (worst quality, low quality:2), lowres, bad anatomy, normal quality, monochrome, grayscale, ((signature, text, watermark))",
      "display_name": "Negative Prompt",
      "optional": true,
      "advanced": true,
      "order": 15,
      "custom_id": "negative_prompt",
      "hidden": false,
      "translatable": true
    },
    "class_type": "VixUiPrompt",
    "_meta": {
      "title": "VixUI-Prompt"
    }
  },
  "271": {
    "inputs": {
      "value": 1,
      "display_name": "Batch size",
      "optional": true,
      "advanced": true,
      "min": 1,
      "max": 10,
      "step": 1,
      "order": 99,
      "custom_id": "batch_size",
      "hidden": true
    },
    "class_type": "VixUiRangeInt",
    "_meta": {
      "title": "VixUI-RangeInt"
    }
  },
  "272": {
    "inputs": {
      "aspect_ratio": "2:3 (832x1216)",
      "display_name": "Aspect Ratio",
      "optional": true,
      "advanced": true,
      "order": 20,
      "custom_id": "aspect_ratio",
      "hidden": false
    },
    "class_type": "VixUiAspectRatioSelector",
    "_meta": {
      "title": "VixUI-Aspect Ratio"
    }
  }
}
