{
  "10": {
    "inputs": {
      "filename_prefix": "240_10",
      "images": [
        "383",
        0
      ]
    },
    "class_type": "SaveImage",
    "_meta": {
      "title": "Save Image"
    }
  },
  "35": {
    "inputs": {
      "instantid_file": "instantid-ip-adapter.bin"
    },
    "class_type": "InstantIDModelLoader",
    "_meta": {
      "title": "Load InstantID Model"
    }
  },
  "36": {
    "inputs": {
      "provider": "CPU"
    },
    "class_type": "InstantIDFaceAnalysis",
    "_meta": {
      "title": "InstantID Face Analysis"
    }
  },
  "40": {
    "inputs": {
      "control_net_name": "instantid-controlnet.safetensors"
    },
    "class_type": "ControlNetLoader",
    "_meta": {
      "title": "Load ControlNet Model"
    }
  },
  "41": {
    "inputs": {
      "weight": 1,
      "start_at": 0,
      "end_at": 1,
      "instantid": [
        "35",
        0
      ],
      "insightface": [
        "36",
        0
      ],
      "control_net": [
        "40",
        0
      ],
      "image": [
        "330",
        0
      ],
      "model": [
        "59",
        0
      ],
      "positive": [
        "91",
        0
      ],
      "negative": [
        "335",
        0
      ],
      "image_kps": [
        "353",
        0
      ]
    },
    "class_type": "ApplyInstantID",
    "_meta": {
      "title": "Apply InstantID"
    }
  },
  "59": {
    "inputs": {
      "lora_name": "StickersRedmond.safetensors",
      "strength_model": 1,
      "strength_clip": 1,
      "model": [
        "60",
        0
      ],
      "clip": [
        "60",
        1
      ]
    },
    "class_type": "LoraLoader",
    "_meta": {
      "title": "Load LoRA"
    }
  },
  "60": {
    "inputs": {
      "ckpt_name": "DreamShaperXL_Lightning.safetensors"
    },
    "class_type": "CheckpointLoaderSimple",
    "_meta": {
      "title": "Load Checkpoint"
    }
  },
  "63": {
    "inputs": {
      "width": 1016,
      "height": 1016,
      "batch_size": 1
    },
    "class_type": "EmptyLatentImage",
    "_meta": {
      "title": "Empty Latent Image"
    }
  },
  "69": {
    "inputs": {
      "width": 1024,
      "height": 1024,
      "batch_size": 1
    },
    "class_type": "EmptyLatentImage",
    "_meta": {
      "title": "Empty Latent Image"
    }
  },
  "79": {
    "inputs": {
      "filename_prefix": "240_79",
      "images": [
        "381",
        0
      ]
    },
    "class_type": "SaveImage",
    "_meta": {
      "title": "Save Image"
    }
  },
  "80": {
    "inputs": {
      "filename_prefix": "240_80",
      "images": [
        "384",
        0
      ]
    },
    "class_type": "SaveImage",
    "_meta": {
      "title": "Save Image"
    }
  },
  "82": {
    "inputs": {
      "filename_prefix": "240_82",
      "images": [
        "385",
        0
      ]
    },
    "class_type": "SaveImage",
    "_meta": {
      "title": "Save Image"
    }
  },
  "88": {
    "inputs": {
      "text": [
        "364",
        0
      ],
      "clip": [
        "60",
        1
      ]
    },
    "class_type": "CLIPTextEncode",
    "_meta": {
      "title": "CLIP Text Encode (Prompt)"
    }
  },
  "91": {
    "inputs": {
      "text": [
        "366",
        0
      ],
      "clip": [
        "59",
        1
      ]
    },
    "class_type": "CLIPTextEncode",
    "_meta": {
      "title": "CLIP Text Encode (Prompt)"
    }
  },
  "280": {
    "inputs": {
      "weight": 1,
      "start_at": 0,
      "end_at": 1,
      "instantid": [
        "35",
        0
      ],
      "insightface": [
        "36",
        0
      ],
      "control_net": [
        "40",
        0
      ],
      "image": [
        "330",
        0
      ],
      "model": [
        "59",
        0
      ],
      "positive": [
        "287",
        0
      ],
      "negative": [
        "335",
        0
      ],
      "image_kps": [
        "352",
        0
      ]
    },
    "class_type": "ApplyInstantID",
    "_meta": {
      "title": "Apply InstantID"
    }
  },
  "284": {
    "inputs": {
      "text": [
        "363",
        0
      ],
      "clip": [
        "60",
        1
      ]
    },
    "class_type": "CLIPTextEncode",
    "_meta": {
      "title": "CLIP Text Encode (Prompt)"
    }
  },
  "287": {
    "inputs": {
      "text": [
        "367",
        0
      ],
      "clip": [
        "59",
        1
      ]
    },
    "class_type": "CLIPTextEncode",
    "_meta": {
      "title": "CLIP Text Encode (Prompt)"
    }
  },
  "294": {
    "inputs": {
      "weight": 1,
      "start_at": 0,
      "end_at": 1,
      "instantid": [
        "35",
        0
      ],
      "insightface": [
        "36",
        0
      ],
      "control_net": [
        "40",
        0
      ],
      "image": [
        "330",
        0
      ],
      "model": [
        "59",
        0
      ],
      "positive": [
        "301",
        0
      ],
      "negative": [
        "335",
        0
      ],
      "image_kps": [
        "350",
        0
      ]
    },
    "class_type": "ApplyInstantID",
    "_meta": {
      "title": "Apply InstantID"
    }
  },
  "298": {
    "inputs": {
      "text": [
        "361",
        0
      ],
      "clip": [
        "60",
        1
      ]
    },
    "class_type": "CLIPTextEncode",
    "_meta": {
      "title": "CLIP Text Encode (Prompt)"
    }
  },
  "301": {
    "inputs": {
      "text": [
        "368",
        0
      ],
      "clip": [
        "59",
        1
      ]
    },
    "class_type": "CLIPTextEncode",
    "_meta": {
      "title": "CLIP Text Encode (Prompt)"
    }
  },
  "322": {
    "inputs": {
      "weight": 1,
      "start_at": 0,
      "end_at": 1,
      "instantid": [
        "35",
        0
      ],
      "insightface": [
        "36",
        0
      ],
      "control_net": [
        "40",
        0
      ],
      "image": [
        "330",
        0
      ],
      "model": [
        "59",
        0
      ],
      "positive": [
        "329",
        0
      ],
      "negative": [
        "335",
        0
      ],
      "image_kps": [
        "349",
        0
      ]
    },
    "class_type": "ApplyInstantID",
    "_meta": {
      "title": "Apply InstantID"
    }
  },
  "326": {
    "inputs": {
      "text": [
        "365",
        0
      ],
      "clip": [
        "60",
        1
      ]
    },
    "class_type": "CLIPTextEncode",
    "_meta": {
      "title": "CLIP Text Encode (Prompt)"
    }
  },
  "329": {
    "inputs": {
      "text": [
        "369",
        0
      ],
      "clip": [
        "59",
        1
      ]
    },
    "class_type": "CLIPTextEncode",
    "_meta": {
      "title": "CLIP Text Encode (Prompt)"
    }
  },
  "330": {
    "inputs": {
      "upscale_method": "lanczos",
      "megapixels": 1,
      "image": [
        "358",
        0
      ]
    },
    "class_type": "ImageScaleToTotalPixels",
    "_meta": {
      "title": "ImageScaleToTotalPixels"
    }
  },
  "334": {
    "inputs": {
      "text": "shiny, photo, photography, soft, nsfw, nude, ugly, broken, watermark, oversaturated",
      "clip": [
        "60",
        1
      ]
    },
    "class_type": "CLIPTextEncode",
    "_meta": {
      "title": "CLIP Text Encode (Prompt)"
    }
  },
  "335": {
    "inputs": {
      "text": "shiny, photo, photography, soft, nsfw, nude, ugly, broken, watermark, oversaturated",
      "clip": [
        "59",
        1
      ]
    },
    "class_type": "CLIPTextEncode",
    "_meta": {
      "title": "CLIP Text Encode (Prompt)"
    }
  },
  "340": {
    "inputs": {
      "seed": 455884554298708,
      "steps": 8,
      "cfg": 2,
      "sampler_name": "dpmpp_2m_sde",
      "scheduler": "karras",
      "denoise": 1,
      "model": [
        "41",
        0
      ],
      "positive": [
        "41",
        1
      ],
      "negative": [
        "41",
        2
      ],
      "latent_image": [
        "63",
        0
      ]
    },
    "class_type": "KSampler",
    "_meta": {
      "title": "KSampler"
    }
  },
  "341": {
    "inputs": {
      "samples": [
        "340",
        0
      ],
      "vae": [
        "60",
        2
      ]
    },
    "class_type": "VAEDecode",
    "_meta": {
      "title": "VAE Decode"
    }
  },
  "342": {
    "inputs": {
      "seed": 864701675843957,
      "steps": 8,
      "cfg": 2,
      "sampler_name": "dpmpp_2m_sde",
      "scheduler": "karras",
      "denoise": 1,
      "model": [
        "280",
        0
      ],
      "positive": [
        "280",
        1
      ],
      "negative": [
        "280",
        2
      ],
      "latent_image": [
        "63",
        0
      ]
    },
    "class_type": "KSampler",
    "_meta": {
      "title": "KSampler"
    }
  },
  "343": {
    "inputs": {
      "samples": [
        "342",
        0
      ],
      "vae": [
        "60",
        2
      ]
    },
    "class_type": "VAEDecode",
    "_meta": {
      "title": "VAE Decode"
    }
  },
  "344": {
    "inputs": {
      "samples": [
        "345",
        0
      ],
      "vae": [
        "60",
        2
      ]
    },
    "class_type": "VAEDecode",
    "_meta": {
      "title": "VAE Decode"
    }
  },
  "345": {
    "inputs": {
      "seed": 30719400771281,
      "steps": 8,
      "cfg": 2,
      "sampler_name": "dpmpp_2m_sde",
      "scheduler": "karras",
      "denoise": 1,
      "model": [
        "294",
        0
      ],
      "positive": [
        "294",
        1
      ],
      "negative": [
        "294",
        2
      ],
      "latent_image": [
        "63",
        0
      ]
    },
    "class_type": "KSampler",
    "_meta": {
      "title": "KSampler"
    }
  },
  "346": {
    "inputs": {
      "samples": [
        "347",
        0
      ],
      "vae": [
        "60",
        2
      ]
    },
    "class_type": "VAEDecode",
    "_meta": {
      "title": "VAE Decode"
    }
  },
  "347": {
    "inputs": {
      "seed": 711276847761956,
      "steps": 8,
      "cfg": 2,
      "sampler_name": "dpmpp_2m_sde",
      "scheduler": "karras",
      "denoise": 1,
      "model": [
        "322",
        0
      ],
      "positive": [
        "322",
        1
      ],
      "negative": [
        "322",
        2
      ],
      "latent_image": [
        "63",
        0
      ]
    },
    "class_type": "KSampler",
    "_meta": {
      "title": "KSampler"
    }
  },
  "348": {
    "inputs": {
      "seed": 201263407848856,
      "steps": 8,
      "cfg": 2.3000000000000003,
      "sampler_name": "dpmpp_2m_sde",
      "scheduler": "karras",
      "denoise": 1,
      "model": [
        "60",
        0
      ],
      "positive": [
        "326",
        0
      ],
      "negative": [
        "334",
        0
      ],
      "latent_image": [
        "69",
        0
      ]
    },
    "class_type": "KSampler",
    "_meta": {
      "title": "KSampler"
    }
  },
  "349": {
    "inputs": {
      "samples": [
        "348",
        0
      ],
      "vae": [
        "60",
        2
      ]
    },
    "class_type": "VAEDecode",
    "_meta": {
      "title": "VAE Decode"
    }
  },
  "350": {
    "inputs": {
      "samples": [
        "351",
        0
      ],
      "vae": [
        "60",
        2
      ]
    },
    "class_type": "VAEDecode",
    "_meta": {
      "title": "VAE Decode"
    }
  },
  "351": {
    "inputs": {
      "seed": 14205425480866,
      "steps": 8,
      "cfg": 2.3000000000000003,
      "sampler_name": "dpmpp_2m_sde",
      "scheduler": "karras",
      "denoise": 1,
      "model": [
        "60",
        0
      ],
      "positive": [
        "298",
        0
      ],
      "negative": [
        "334",
        0
      ],
      "latent_image": [
        "69",
        0
      ]
    },
    "class_type": "KSampler",
    "_meta": {
      "title": "KSampler"
    }
  },
  "352": {
    "inputs": {
      "samples": [
        "354",
        0
      ],
      "vae": [
        "60",
        2
      ]
    },
    "class_type": "VAEDecode",
    "_meta": {
      "title": "VAE Decode"
    }
  },
  "353": {
    "inputs": {
      "samples": [
        "355",
        0
      ],
      "vae": [
        "60",
        2
      ]
    },
    "class_type": "VAEDecode",
    "_meta": {
      "title": "VAE Decode"
    }
  },
  "354": {
    "inputs": {
      "seed": 990130509143536,
      "steps": 8,
      "cfg": 2.3000000000000003,
      "sampler_name": "dpmpp_2m_sde",
      "scheduler": "karras",
      "denoise": 1,
      "model": [
        "60",
        0
      ],
      "positive": [
        "284",
        0
      ],
      "negative": [
        "334",
        0
      ],
      "latent_image": [
        "69",
        0
      ]
    },
    "class_type": "KSampler",
    "_meta": {
      "title": "KSampler"
    }
  },
  "355": {
    "inputs": {
      "seed": 410229384032132,
      "steps": 8,
      "cfg": 2.3000000000000003,
      "sampler_name": "dpmpp_2m_sde",
      "scheduler": "karras",
      "denoise": 1,
      "model": [
        "60",
        0
      ],
      "positive": [
        "88",
        0
      ],
      "negative": [
        "334",
        0
      ],
      "latent_image": [
        "69",
        0
      ]
    },
    "class_type": "KSampler",
    "_meta": {
      "title": "KSampler"
    }
  },
  "358": {
    "inputs": {
      "image": "",
      "upload": "image"
    },
    "class_type": "LoadImage",
    "_meta": {
      "title": "input;Person's face;order=1;custom_id=person_face"
    }
  },
  "359": {
    "inputs": {
      "name": "photo_stickers",
      "display_name": "Photo Stickers",
      "description": "Stickers from person photo",
      "author": "Datou",
      "homepage": "https://openart.ai/workflows/datou/photo-2-anime-sdxl/0tBl5W8dBBe6FEhi0MxY",
      "documentation": "https://visionatrix.github.io/VixFlowsDocs/Flows/PhotoStickers/",
      "license": "",
      "tags": "[\"cartoon\", \"portrait\"]",
      "version": "1.1.2",
      "requires": "[]",
      "is_seed_supported": true,
      "is_count_supported": true,
      "is_translations_supported": false,
      "is_macos_supported": false,
      "required_memory_gb": 8
    },
    "class_type": "VixUiWorkflowMetadata",
    "_meta": {
      "title": "VixUI-WorkflowMetadata"
    }
  },
  "360": {
    "inputs": {
      "default_value": "boy",
      "possible_values": "[\"girl\", \"boy\", \"man\", \"woman\"]",
      "display_name": "Base gender",
      "optional": false,
      "advanced": false,
      "order": 2,
      "custom_id": "gender",
      "hidden": false
    },
    "class_type": "VixUiList",
    "_meta": {
      "title": "VixUI-List"
    }
  },
  "361": {
    "inputs": {
      "text": [
        "371",
        0
      ],
      "find": "{gender}",
      "replace": [
        "360",
        0
      ]
    },
    "class_type": "Text Find and Replace",
    "_meta": {
      "title": "Text Find and Replace"
    }
  },
  "362": {
    "inputs": {
      "text": "half body, looking at viewer, [1{gender}] laughing"
    },
    "class_type": "Text Multiline (Code Compatible)",
    "_meta": {
      "title": "Text Multiline (Code Compatible)"
    }
  },
  "363": {
    "inputs": {
      "text": [
        "370",
        0
      ],
      "find": "{gender}",
      "replace": [
        "360",
        0
      ]
    },
    "class_type": "Text Find and Replace",
    "_meta": {
      "title": "Text Find and Replace"
    }
  },
  "364": {
    "inputs": {
      "text": [
        "362",
        0
      ],
      "find": "{gender}",
      "replace": [
        "360",
        0
      ]
    },
    "class_type": "Text Find and Replace",
    "_meta": {
      "title": "Text Find and Replace"
    }
  },
  "365": {
    "inputs": {
      "text": [
        "372",
        0
      ],
      "find": "{gender}",
      "replace": [
        "360",
        0
      ]
    },
    "class_type": "Text Find and Replace",
    "_meta": {
      "title": "Text Find and Replace"
    }
  },
  "366": {
    "inputs": {
      "text": [
        "376",
        0
      ],
      "find": "{gender}",
      "replace": [
        "360",
        0
      ]
    },
    "class_type": "Text Find and Replace",
    "_meta": {
      "title": "Text Find and Replace"
    }
  },
  "367": {
    "inputs": {
      "text": [
        "374",
        0
      ],
      "find": "{gender}",
      "replace": [
        "360",
        0
      ]
    },
    "class_type": "Text Find and Replace",
    "_meta": {
      "title": "Text Find and Replace"
    }
  },
  "368": {
    "inputs": {
      "text": [
        "375",
        0
      ],
      "find": "{gender}",
      "replace": [
        "360",
        0
      ]
    },
    "class_type": "Text Find and Replace",
    "_meta": {
      "title": "Text Find and Replace"
    }
  },
  "369": {
    "inputs": {
      "text": [
        "373",
        0
      ],
      "find": "{gender}",
      "replace": [
        "360",
        0
      ]
    },
    "class_type": "Text Find and Replace",
    "_meta": {
      "title": "Text Find and Replace"
    }
  },
  "370": {
    "inputs": {
      "text": "half body, looking at viewer, [1{gender}] angry, frustrated"
    },
    "class_type": "Text Multiline (Code Compatible)",
    "_meta": {
      "title": "Text Multiline (Code Compatible)"
    }
  },
  "371": {
    "inputs": {
      "text": "half body, looking at viewer, [1{gender}] shocked, surprised"
    },
    "class_type": "Text Multiline (Code Compatible)",
    "_meta": {
      "title": "Text Multiline (Code Compatible)"
    }
  },
  "372": {
    "inputs": {
      "text": "half body, looking at viewer, [1{gender}] happy, calm"
    },
    "class_type": "Text Multiline (Code Compatible)",
    "_meta": {
      "title": "Text Multiline (Code Compatible)"
    }
  },
  "373": {
    "inputs": {
      "text": "half body, looking at viewer, [1{gender}] happy, calm, Sticker, svg, vector art, sharp, kawaii style, Anime style "
    },
    "class_type": "Text Multiline (Code Compatible)",
    "_meta": {
      "title": "Text Multiline (Code Compatible)"
    }
  },
  "374": {
    "inputs": {
      "text": "half body, looking at viewer, [1{gender}] angry, frustrated, Sticker, svg, vector art, sharp, kawaii style, Anime style "
    },
    "class_type": "Text Multiline (Code Compatible)",
    "_meta": {
      "title": "Text Multiline (Code Compatible)"
    }
  },
  "375": {
    "inputs": {
      "text": "half body, looking at viewer, [1{gender}] shocked, surprised, Sticker, svg, vector art, sharp, kawaii style, Anime style "
    },
    "class_type": "Text Multiline (Code Compatible)",
    "_meta": {
      "title": "Text Multiline (Code Compatible)"
    }
  },
  "376": {
    "inputs": {
      "text": "half body, looking at viewer, [1{gender}] laughing, Sticker, svg, vector art, sharp, kawaii style, Anime style "
    },
    "class_type": "Text Multiline (Code Compatible)",
    "_meta": {
      "title": "Text Multiline (Code Compatible)"
    }
  },
  "381": {
    "inputs": {
      "model": [
        "382",
        0
      ],
      "images": [
        "343",
        0
      ]
    },
    "class_type": "RembgByBiRefNet",
    "_meta": {
      "title": "RembgByBiRefNet"
    }
  },
  "382": {
    "inputs": {
      "model": "General.safetensors",
      "device": "AUTO",
      "use_weight": false
    },
    "class_type": "LoadRembgByBiRefNetModel",
    "_meta": {
      "title": "LoadRembgByBiRefNetModel"
    }
  },
  "383": {
    "inputs": {
      "model": [
        "382",
        0
      ],
      "images": [
        "341",
        0
      ]
    },
    "class_type": "RembgByBiRefNet",
    "_meta": {
      "title": "RembgByBiRefNet"
    }
  },
  "384": {
    "inputs": {
      "model": [
        "382",
        0
      ],
      "images": [
        "344",
        0
      ]
    },
    "class_type": "RembgByBiRefNet",
    "_meta": {
      "title": "RembgByBiRefNet"
    }
  },
  "385": {
    "inputs": {
      "model": [
        "382",
        0
      ],
      "images": [
        "346",
        0
      ]
    },
    "class_type": "RembgByBiRefNet",
    "_meta": {
      "title": "RembgByBiRefNet"
    }
  }
}
