{
  "1": {
    "inputs": {
      "seed": 1,
      "steps": [
        "23",
        0
      ],
      "cfg": [
        "19",
        0
      ],
      "sampler_name": "dpmpp_3m_sde",
      "scheduler": "exponential",
      "denoise": 1,
      "model": [
        "2",
        0
      ],
      "positive": [
        "3",
        0
      ],
      "negative": [
        "4",
        0
      ],
      "latent_image": [
        "6",
        0
      ]
    },
    "class_type": "KSampler",
    "_meta": {
      "title": "KSampler"
    }
  },
  "2": {
    "inputs": {
      "ckpt_name": "stable-audio-open-1.0.safetensors"
    },
    "class_type": "CheckpointLoaderSimple",
    "_meta": {
      "title": "Load Checkpoint"
    }
  },
  "3": {
    "inputs": {
      "text": [
        "21",
        0
      ],
      "clip": [
        "5",
        0
      ]
    },
    "class_type": "CLIPTextEncode",
    "_meta": {
      "title": "CLIP Text Encode (Prompt)"
    }
  },
  "4": {
    "inputs": {
      "text": [
        "20",
        0
      ],
      "clip": [
        "5",
        0
      ]
    },
    "class_type": "CLIPTextEncode",
    "_meta": {
      "title": "CLIP Text Encode (Prompt)"
    }
  },
  "5": {
    "inputs": {
      "clip_name": "t5_base.safetensors",
      "type": "stable_audio",
      "device": "default"
    },
    "class_type": "CLIPLoader",
    "_meta": {
      "title": "Load CLIP"
    }
  },
  "6": {
    "inputs": {
      "seconds": [
        "22",
        0
      ],
      "batch_size": 1
    },
    "class_type": "EmptyLatentAudio",
    "_meta": {
      "title": "EmptyLatentAudio"
    }
  },
  "7": {
    "inputs": {
      "samples": [
        "1",
        0
      ],
      "vae": [
        "2",
        2
      ]
    },
    "class_type": "VAEDecodeAudio",
    "_meta": {
      "title": "VAEDecodeAudio"
    }
  },
  "13": {
    "inputs": {
      "filename_prefix": "audio/ComfyUI",
      "audio": [
        "7",
        0
      ]
    },
    "class_type": "SaveAudio",
    "_meta": {
      "title": "SaveAudio"
    }
  },
  "14": {
    "inputs": {
      "name": "stable_audio_open",
      "display_name": "Stable Audio - Open",
      "description": "Generate variable-length (up to 47s) stereo audio at 44.1kHz from text prompts",
      "author": "ComfyOrg",
      "homepage": "https://huggingface.co/stabilityai/stable-audio-open-1.0",
      "documentation": "",
      "license": "",
      "tags": "[\"audio\"]",
      "version": "1.0.0",
      "requires": "[]",
      "is_seed_supported": true,
      "is_count_supported": true,
      "is_translations_supported": false,
      "is_macos_supported": true,
      "required_memory_gb": 4
    },
    "class_type": "VixUiWorkflowMetadata",
    "_meta": {
      "title": "VixUI-WorkflowMetadata"
    }
  },
  "19": {
    "inputs": {
      "value": 7,
      "display_name": "Prompt strength",
      "optional": true,
      "advanced": true,
      "min": 5,
      "max": 8,
      "step": 0.1,
      "order": 10,
      "custom_id": "prompt_strength",
      "hidden": false
    },
    "class_type": "VixUiRangeFloat",
    "_meta": {
      "title": "VixUI-RangeFloat"
    }
  },
  "20": {
    "inputs": {
      "text": "",
      "display_name": "Negative Prompt",
      "optional": true,
      "advanced": true,
      "order": 25,
      "custom_id": "negative_prompt",
      "hidden": false,
      "translatable": false
    },
    "class_type": "VixUiPrompt",
    "_meta": {
      "title": "VixUI-Prompt"
    }
  },
  "21": {
    "inputs": {
      "text": "116 BPM rock drums loop clean production",
      "display_name": "Prompt",
      "optional": false,
      "advanced": false,
      "order": 1,
      "custom_id": "prompt",
      "hidden": false,
      "translatable": false
    },
    "class_type": "VixUiPrompt",
    "_meta": {
      "title": "VixUI-Prompt"
    }
  },
  "22": {
    "inputs": {
      "value": 22,
      "display_name": "Length(in seconds)",
      "optional": true,
      "advanced": false,
      "min": 3,
      "max": 47,
      "step": 1,
      "order": 3,
      "custom_id": "length",
      "hidden": false
    },
    "class_type": "VixUiRangeFloat",
    "_meta": {
      "title": "VixUI-RangeFloat"
    }
  },
  "23": {
    "inputs": {
      "value": 100,
      "display_name": "Steps number to generate",
      "optional": true,
      "advanced": true,
      "min": 20,
      "max": 120,
      "step": 1,
      "order": 98,
      "custom_id": "steps_count",
      "hidden": false
    },
    "class_type": "VixUiRangeInt",
    "_meta": {
      "title": "VixUI-RangeInt"
    }
  }
}
